Product_name,Product_url,Product_stock,Product_price,Product_skus,Product_last_sync
THE ROGER Advantage,https://www.on-running.com/en-ch/products/the-roger-advantage-48adv/mens/white-chambray-shoes-48.98107,3,190.0,"48.99452,48.99454,48.99456,48.99457,48.99147,48.98342,48.98341,48.98338,48.98106,48.98103,48.98104,48.98107",2023-08-09T06:21:41.310Z
Cloud 5,https://www.on-running.com/en-ch/products/cloud-5-59/mens/midnight-navy-shoes-59.98167,3,190.0,"59.98909,59.98919,59.98986,59.98916,59.98773,59.98899,59.98905,59.98774,59.98904,59.98901,59.98882,59.98883,59.98886,59.98559,59.98372,59.98376,59.98375,59.98373,59.98374,59.98371,59.98367,59.98364,59.98362,59.98368,59.98369,59.98154,59.98156,59.98167,59.98158,59.98166,59.98153,59.98157,59.98163,59.98162",2023-08-09T06:21:34.278Z
Cloud Play,https://www.on-running.com/en-ch/products/cloud-play-3KD1143/unisex/all-black-shoes-3KD11430485,3,120.0,"3KD11430692,3KD11431209,3KD11431460,3KD11431210,3KD11431337,3KD11430485",2023-08-09T06:21:42.128Z
Logo Sock 3-Pack,https://www.on-running.com/en-ch/products/logo-sock-3-pack-399/unisex/white-accessories-399.01718,3,30.0,"399.01722,399.01719,399.01721,399.01718",2023-08-09T06:21:48.859Z
Cloudstratus 3,https://www.on-running.com/en-ch/products/cloudstratus-3-3md3011/mens/undyed-white-sand-shoes-3MD30111148,3,240.0,"3MD30111234,3WD30121148,3WD30121505,3WD30121234,3MD30111197,3MD30111148,3MD30111504,3WD30121197",2023-08-09T06:21:39.707Z
Ultra Vest 10L,https://www.on-running.com/en-ch/products/ultra-vest-10l-2ud3002/unisex/undyed-white-accessories-2UD30020864,2,210.0,2UD30020864,2023-08-09T06:21:45.625Z
Ultra Vest 5L,https://www.on-running.com/en-ch/products/ultra-vest-5l-2ud3003/unisex/undyed-white-accessories-2UD30030864,2,190.0,2UD30030864,2023-08-09T06:21:45.745Z
On Cap,https://www.on-running.com/en-ch/products/on-cap-337/unisex/black-accessories-337.01405,3,50.0,"337.01405,337.01407",2023-08-09T06:21:45.066Z
Movement Crew,https://www.on-running.com/en-ch/products/movement-crew-1wd3014/womens/lavender-apparel-1WD30141276,2,150.0,"1WD30141276,1WD30140553",2023-08-09T06:21:49.329Z
Performance-T,https://www.on-running.com/en-ch/products/performance-t-102/mens/zinc-shadow-apparel-102.01301,2,100.0,"102.00289,202.00237,102.00417,102.01298,102.01299,202.01304,102.01301,102.01302,202.01306,202.01432,202.01307",2023-08-09T06:21:52.716Z
Performance Bra,https://www.on-running.com/en-ch/products/performance-bra-258/womens/stellar-black-apparel-258.01296,3,95.0,"258.00728,258.01297,258.01296",2023-08-09T06:21:45.408Z
Sweat Pants,https://www.on-running.com/en-ch/products/sweat-pants-146/womens/lavender-apparel-246.01347,2,140.0,"146.00677,246.00678,146.01083,246.01347,146.01444",2023-08-09T06:21:49.855Z
Movement Bra,https://www.on-running.com/en-ch/products/movement-bra-1wd3013/womens/black-apparel-1WD30130553,2,80.0,"1WD30130553,1WD30131276",2023-08-09T06:21:48.951Z
Climate Shirt,https://www.on-running.com/en-ch/products/climate-shirt-163/womens/grape-apparel-263.01649,2,140.0,"163.00470,163.00469,263.00471,263.01034,163.01324,263.01325,263.01649,163.01323,163.01648",2023-08-09T06:21:43.179Z
Ultra Shorts,https://www.on-running.com/en-ch/products/ultra-shorts-1md1016/mens/grape-black-apparel-1MD10161260,2,140.0,"1WD10260874,1MD10160553,1WD10260553,1MD10160874,1WD10261260,1MD10161260",2023-08-09T06:21:51.271Z
Cloud Sky,https://www.on-running.com/en-ch/products/cloud-sky-3YD1144/unisex/all-black-shoes-3YD11440485,3,130.0,"3YD11440106,3YD11440608,3YD11441212,3YD11441461,3YD11441211,3YD11440485,3YD11440645",2023-08-09T06:21:41.822Z
Cloudsurfer,https://www.on-running.com/en-ch/products/cloudsurfer-3md1042/mens/black-cobalt-shoes-3MD10421509,3,220.0,"3WD10440485,3WD10441071,3WD10440664,3MD10421204,3MD10421071,3MD10420485,3MD10420664,3WD10440248,3WD10441509,3WD10441204,3MD10420248,3MD10421509",2023-08-09T06:21:40.759Z
Cloudmonster,https://www.on-running.com/en-ch/products/cloudmonster-61/womens/pearl-arctic-shoes-61.98128,2,230.0,"61.99023,61.99026,61.99025,61.99024,61.98648,61.98241,61.98244,61.98243,61.98242,61.98285,61.98286,61.98283,61.98288,61.98128,61.98082,61.98085,61.98086,61.98132,61.98081,61.98131,61.98084,61.98083,61.98129",2023-08-09T06:21:36.538Z
Focus Crop,https://www.on-running.com/en-ch/products/focus-crop-1wd1009/womens/zinc-apparel-1WD10090585,2,90.0,"1WD10090553,1WD10091276,1WD10090585",2023-08-09T06:21:43.679Z
Focus-T,https://www.on-running.com/en-ch/products/focus-t-1wd1030/mens/taiga-apparel-1MD10060858,2,90.0,"1WD10300069,1WD10300009,1MD10060889,1MD10060069,1MD10060553,1WD10300553,1MD10060585,1WD10301276,1MD10060858",2023-08-09T06:21:44.433Z
All-Day Sock,https://www.on-running.com/en-ch/products/all-day-sock-366/mens/white-wash-accessories-366.01389,2,25.0,"366.00873,367.00878,367.01008,366.01006,366.01183,367.01187,367.01188,366.01389,367.01393",2023-08-09T06:21:45.866Z
Hoodie,https://www.on-running.com/en-ch/products/hoodie-119/womens/lavender-ox-apparel-219.01346,2,190.0,"119.00675,219.00676,119.01076,219.01345,219.01346",2023-08-09T06:21:47.952Z
Cloudeasy,https://www.on-running.com/en-ch/products/cloudeasy-76/mens/wash-olive-shoes-76.98134,3,180.0,"76.98445,76.98439,76.98444,76.98441,76.98289,76.98291,76.98134,76.98133",2023-08-09T06:21:35.836Z
Lightweight Cap,https://www.on-running.com/en-ch/products/lightweight-cap-301/unisex/hay-accessories-301.01398,3,45.0,"301.00015,301.00017,301.00016,301.01210,301.01209,301.01398",2023-08-09T06:21:48.332Z
Active Bra,https://www.on-running.com/en-ch/products/active-bra-288/womens/lavender-ox-apparel-288.01342,3,85.0,"288.00731,288.01131,288.01341,288.01342",2023-08-09T06:21:42.728Z
Movement-T,https://www.on-running.com/en-ch/products/movement-t-1wd1007/womens/lavender-apparel-1WD10071276,2,85.0,"1WD10070553,1WD10070009,1WD10071276",2023-08-09T06:21:49.484Z
Performance Mid Sock,https://www.on-running.com/en-ch/products/performance-mid-sock-355/womens/lavender-anemone-accessories-355.01379,3,25.0,"355.00834,355.00833,355.00835,354.00828,354.00829,354.00827,354.01176,355.00831,354.01175,354.00826,355.00832,354.00825,355.01178,354.01174,355.01179,354.01369,354.01374,354.01372,355.01376,355.01375,354.01373,355.01381,355.01378,355.01379",2023-08-09T06:21:56.536Z
Performance Low Sock,https://www.on-running.com/en-ch/products/performance-low-sock-345/womens/lavender-anemone-accessories-345.01366,3,22.0,"345.00824,345.00823,344.00818,344.00819,344.00817,345.00822,344.00816,345.01173,344.01169,345.00821,344.01171,345.01365,344.01359,345.01367,344.01361,344.01357,345.01363,345.01366,344.01431,345.01362,344.01356",2023-08-09T06:21:54.541Z
Focus Tank,https://www.on-running.com/en-ch/products/focus-tank-1md3021/mens/black-apparel-1MD30210553,2,85.0,"1MD30210585,1MD30210553,1MD30210889",2023-08-09T06:21:59.111Z
"5"" Lightweight Shorts",https://www.on-running.com/en-ch/products/5-lightweight-shorts-195/mens/hay-black-apparel-195.01293,2,100.0,"195.00723,195.00721,195.01293",2023-08-09T06:21:42.526Z
Performance Long-T,https://www.on-running.com/en-ch/products/performance-long-t-113/womens/stellar-apparel-213.01311,3,100.0,"113.00121,213.01311,213.01312,113.01309,113.01308",2023-08-09T06:21:51.858Z
Focus Shorts,https://www.on-running.com/en-ch/products/focus-shorts-1md3024/mens/black-apparel-1MD30240553,3,120.0,"1MD30241745,1MD30240553,1MD30241268",2023-08-09T06:21:43.839Z
Performance Tights,https://www.on-running.com/en-ch/products/performance-tights-1md1013/womens/ox-apparel-1WD10191275,2,140.0,"1MD10130857,1WD10190870,1MD10130856,1WD10190896,1WD10190553,1MD10130553,1WD10191161,1WD10191275",2023-08-09T06:21:49.569Z
Graphic-T,https://www.on-running.com/en-ch/products/graphic-t-1MD1054/mens/black-white-apparel-1MD10540299,2,75.0,"1WD10630896,1MD10540889,1WD10630553,1MD10540069,1WD10630069,1MD10540553,1MD10540585,1WD10630299,1MD10540299,1WD10631276",2023-08-09T06:21:47.758Z
Hybrid Shorts,https://www.on-running.com/en-ch/products/hybrid-shorts-185/mens/wash-apparel-185.01331,2,120.0,"185.00303,185.00304,185.01331,185.01329",2023-08-09T06:21:48.055Z
Performance Tights 7/8,https://www.on-running.com/en-ch/products/performance-tights-7-8-1wd1020/womens/ox-apparel-1WD10201275,1,140.0,"1WD10200870,1WD10201161,1WD10200553,1WD10201275",2023-08-09T06:21:49.672Z
Studio Beanie,https://www.on-running.com/en-ch/products/studio-beanie-335/unisex/navy-accessories-335.01402,3,50.0,335.01402,2023-08-09T06:21:46.083Z
Tank-T,https://www.on-running.com/en-ch/products/tank-t-108/womens/black-wash-apparel-208.01315,2,90.0,"108.00437,208.00438,208.01026,108.01313,208.01315,108.01314,208.01316",2023-08-09T06:21:50.029Z
Movement Tights Short,https://www.on-running.com/en-ch/products/movement-tights-short-1wd1024/womens/grape-apparel-1WD10240434,2,110.0,"1WD10240896,1WD10240553,1WD10240434",2023-08-09T06:21:49.175Z
Cloudflyer 4,https://www.on-running.com/en-ch/products/cloudflyer-4-71/mens/fossil-flame-shoes-71.98095,3,230.0,"71.98677,71.98671,71.98674,71.98249,71.98095,71.98094,71.98093,71.98092",2023-08-09T06:21:36.074Z
Performance High Sock,https://www.on-running.com/en-ch/products/performance-high-sock-365/mens/hail-wash-accessories-364.01382,3,30.0,"365.00838,365.00839,364.00837,364.00836,364.01181,364.01658,365.01659,364.01382,365.01385",2023-08-09T06:21:53.513Z
Running Shorts,https://www.on-running.com/en-ch/products/running-shorts-2-0-255/womens/stellar-black-apparel-255.01334,3,100.0,"255.00243,255.01334",2023-08-09T06:21:49.767Z
Trek Pants,https://www.on-running.com/en-ch/products/trek-pants-1wd1028/womens/zinc-apparel-1WD10280585,3,180.0,"1WD10280553,1WD10280009,1MD10180009,1MD10180553,1WD10280585,1MD10181261",2023-08-09T06:21:50.347Z
Insulator Jacket,https://www.on-running.com/en-ch/products/insulator-jacket-144/mens/black-apparel-144.01441,3,350.0,"244.01443,144.01441",2023-08-09T06:21:48.504Z
Cloudgo Wide,https://www.on-running.com/en-ch/products/cloudgo-wide-65/mens/storm-magnet-shoes-65.98038,2,200.0,"65.98617,65.98616,65.98231,65.98229,65.98038",2023-08-09T06:21:38.365Z
"5"" Running Shorts",https://www.on-running.com/en-ch/products/5-running-shorts-295/womens/hay-black-apparel-295.01294,2,100.0,"295.00724,295.01294",2023-08-09T06:21:42.827Z
Track Pants,https://www.on-running.com/en-ch/products/track-pants-166/womens/zinc-black-apparel-1WD10211261,2,150.0,"166.00335,1WD10210553,1WD10211261,166.01339",2023-08-09T06:21:50.472Z
Ultra Jacket,https://www.on-running.com/en-ch/products/ultra-jacket-1md1010/womens/zinc-apparel-1WD10150585,2,330.0,"1MD10100553,1WD10150872,1WD10150553,1WD10150585,1MD10100585",2023-08-09T06:21:51.066Z
Essential Shorts,https://www.on-running.com/en-ch/products/essential-shorts-1md1012/mens/stellar-apparel-1MD10120889,3,90.0,"1WD10180553,1MD10120460,1WD10180859,1MD10120553,1WD10180897,1MD10120959,1MD10120889",2023-08-09T06:21:43.468Z
Active Shorts,https://www.on-running.com/en-ch/products/active-shorts-225/womens/stellar-black-apparel-225.01333,2,110.0,"225.00272,225.01333",2023-08-09T06:21:42.443Z
Focus Tank,https://www.on-running.com/en-ch/products/focus-tank-1wd1006/womens/lavender-apparel-1WD10061276,2,85.0,"1WD10060553,1WD10061276,1WD10060585,1WD10060009",2023-08-09T06:21:44.003Z
Trail Breaker,https://www.on-running.com/en-ch/products/trail-breaker-133/mens/stellar-black-apparel-133.01354,2,230.0,"133.00705,233.00706,133.01354",2023-08-09T06:21:50.637Z
Zero Jacket,https://www.on-running.com/en-ch/products/zero-jacket-174/womens/stellar-black-apparel-274.01318,2,200.0,"274.00759,174.00758,274.01028,174.01317,274.01318",2023-08-09T06:21:51.745Z
Waterproof Anorak,https://www.on-running.com/en-ch/products/waterproof-anorak-1md1011/womens/zinc-apparel-1WD10160585,2,390.0,"1MD10110553,1WD10160553,1WD10160264,1MD10110264,1WD10160585,1MD10110585",2023-08-09T06:21:51.382Z
Climate Jacket,https://www.on-running.com/en-ch/products/climate-jacket-164/womens/cocoa-black-apparel-264.01327,3,220.0,"164.00709,264.00708,264.01327",2023-08-09T06:21:43.014Z
Movement Tank,https://www.on-running.com/en-ch/products/movement-tank-1WD1010/womens/zinc-apparel-1WD10100585,2,80.0,"1WD10100460,1WD10100553,1WD10100585",2023-08-09T06:21:52.447Z
Weather Jacket,https://www.on-running.com/en-ch/products/weather-jacket-204/mens/taiga-shadow-apparel-104.01321,2,290.0,"104.4005,204.00248,104.01029,204.01031,104.01321",2023-08-09T06:21:51.533Z
THE ROGER Pro,https://www.on-running.com/en-ch/products/the-roger-pro-48pro/mens/white-acai-shoes-48.98028,3,270.0,"48.98721,48.98720,3MD10370840,3WD10290840,48.98045,48.98047,48.98046,48.98028",2023-08-09T06:21:58.796Z
Cloudnova,https://www.on-running.com/en-ch/products/cloudnova-26/mens/black-flame-shoes-26.98127,2,210.0,"26.99814,26.99822,26.99118,26.99117,26.99116,26.99115,26.99114,26.99113,26.98989,26.98984,26.98982,26.98493,26.98489,26.98494,26.98224,26.98315,26.98227,26.98313,26.98226,26.98225,26.98126,26.98125,26.98124,26.98127",2023-08-09T06:21:31.768Z
THE ROGER Clubhouse,https://www.on-running.com/en-ch/products/the-roger-clubhouse-48clb/mens/hay-shoes-48.98109,2,200.0,"48.99141,48.98336,48.98333,48.98331,48.98109,48.98111",2023-08-09T06:21:32.168Z
Cloud 5 Coast,https://www.on-running.com/en-ch/products/cloud-5-coast-3md1053/mens/undyed-white-white-shoes-3MD10531743,3,200.0,"3MD10531743,3WD10541743,3WD10541077,3MD10531077",2023-08-09T08:20:59.123Z
Cloudultra 2,https://www.on-running.com/en-ch/products/cloudultra-2-3md3028/mens/black-white-shoes-3MD30280299,3,240.0,"3MD30280331,3WD30281483,3MD30280299,3WD30280299,3MD30281483",2023-08-09T08:21:04.329Z
Cloudrunner Waterproof,https://www.on-running.com/en-ch/products/cloudrunner-waterproof-52/mens/stone-black-shoes-52.98076,3,220.0,"52.98637,52.98051,52.98076",2023-08-09T08:21:02.916Z
Cloudwander Waterproof,https://www.on-running.com/en-ch/products/cloudwander-waterproof-73/womens/sand-ivory-shoes-73.98055,3,240.0,"73.98606,73.98602,93.98184,93.98183,73.98278,73.98279,73.98056,73.98055",2023-08-09T08:21:05.345Z
Cloudvista Waterproof,https://www.on-running.com/en-ch/products/cloudvista-waterproof-74/mens/zinc-grape-shoes-74.98058,3,220.0,"74.98571,74.98595,74.98277,74.98275,74.98276,74.98058,74.98057",2023-08-09T08:21:06.233Z
Cloud X 3,https://www.on-running.com/en-ch/products/cloud-x-3-60/mens/hunter-black-shoes-60.98101,3,200.0,"60.98694,60.98691,60.98699,60.98689,60.98696,60.98697,60.98705,60.98706,60.98703,60.98704,60.98252,60.98254,60.98253,60.98255,60.98096,60.98098,60.98097,60.98101,60.98102,60.98099",2023-08-09T08:20:57.746Z
Cloudboom Echo 3,https://www.on-running.com/en-ch/products/cloudboom-echo-3-0-3md1059/mens/undyed-white-mint-shoes-3MD10591105,2,360.0,"3MD10591105,3WD10491105",2023-08-09T08:20:56.103Z
Cloudrunner,https://www.on-running.com/en-ch/products/cloudrunner-46/womens/frost-fade-shoes-46.98078,3,200.0,"46.99017,46.99019,46.99015,46.99016,46.98643,46.98238,46.98199,46.98237,46.98236,46.98078,46.98077,46.98079",2023-08-09T08:21:03.007Z
Cloudswift 3 AD,https://www.on-running.com/en-ch/products/cloudswift-3-ad-3md1024/mens/frost-glacier-shoes-3MD10241421,2,220.0,"3WD10151213,3MD10240485,3WD10150485,3MD10241421,3WD10151424",2023-08-09T08:21:02.408Z
Cloudrock 2 Waterproof,https://www.on-running.com/en-ch/products/cloudrock-2-waterproof-63/mens/almond-dune-shoes-63.98067,2,280.0,"63.98612,63.98613,63.98609,63.98608,63.98281,63.98282,63.98066,63.98067",2023-08-09T08:20:59.842Z
Cloudswift 3,https://www.on-running.com/en-ch/products/cloudswift-3md1056/mens/ivory-black-shoes-3MD10560791,2,220.0,"3MD10560094,3WD10451085,3MD10561195,3MD10561196,3WD10451040,3WD10451199,3WD10451195,3MD10560045,3MD10560485,3WD10450485,3WD10451220,3MD10561220,3MD10560791,3WD10451219",2023-08-09T08:21:04.928Z
Cloudspike 1500m,https://www.on-running.com/en-ch/products/cloudspike-1500m-3md1065/womens/undyed-white-mint-shoes-3WD10561105,2,200.0,"3WD10561105,3MD10651105",2023-08-09T08:21:03.598Z
Cloudspike 10000m,https://www.on-running.com/en-ch/products/cloudspike-10000m-3md1067/mens/undyed-white-mint-shoes-3MD10671105,2,200.0,"3WD10571105,3MD10671105",2023-08-09T08:21:03.499Z
Cloudgo,https://www.on-running.com/en-ch/products/cloudgo-55/mens/hay-sand-shoes-55.98091,3,200.0,"55.98395,55.98625,55.98634,55.98622,55.98635,55.98626,55.98624,55.98631,55.98204,55.98233,55.98232,55.98234,55.98087,55.98088,55.98089,55.98091",2023-08-09T08:20:58.731Z
Cloudtrax,https://www.on-running.com/en-ch/products/cloudtrax-53/womens/midnight-glacier-shoes-53.98064,3,260.0,"53.98589,53.98588,53.98065,53.98064",2023-08-09T08:21:03.887Z
Cloudrunner Wide,https://www.on-running.com/en-ch/products/cloudrunner-wide-56/mens/undyed-white-flame-shoes-56.98037,2,200.0,"56.99012,56.99008,56.98037,56.98036",2023-08-09T08:21:02.596Z
THE ROGER Spin,https://www.on-running.com/en-ch/products/the-roger-spin-3md1147/mens/black-indigo-shoes-3MD11470683,3,190.0,"3MD11471089,3WD11481185,3WD11481089,3MD11470683,3WD11480683,3WD11481090,3MD11471090",2023-08-09T08:20:59.936Z
THE ROGER Centre Court,https://www.on-running.com/en-ch/products/the-roger-centre-court-48cc/mens/white-olive-shoes-3MD30241528,3,260.0,"48.99438,48.99437,3MD30241528,3WD30241188",2023-08-09T08:20:58.167Z
Performance-T Light Distance,https://www.on-running.com/en-ch/products/performance-t-light-distance-1ud1004/unisex/mint-white-apparel-1UD10040069,2,120.0,1UD10040069,2023-08-09T08:21:20.703Z
Cloudalpine Waterproof,https://www.on-running.com/en-ch/products/cloudalpine-waterproof-3md1083/mens/cobalt-limelight-shoes-3MD10831198,3,340.0,"3WD10841198,3MD10831198",2023-08-09T08:19:46.610Z
Tank Top Light Distance,https://www.on-running.com/en-ch/products/tank-top-light-distance-1md1069/mens/mint-white-apparel-1MD10691752,2,110.0,1MD10691752,2023-08-09T08:20:57.232Z
Crop Top Light Distance,https://www.on-running.com/en-ch/products/crop-top-light-distance-1wd1076/womens/mint-white-apparel-1WD10761752,2,110.0,1WD10761752,2023-08-09T08:20:56.918Z
Marathon Short Tight Distance,https://www.on-running.com/en-ch/products/marathon-short-tight-distance-1md1071/mens/black-apparel-1MD10710553,2,120.0,"1WD10770553,1MD10710553",2023-08-09T08:20:57.117Z
Cloudeasy Sensa,https://www.on-running.com/en-ch/products/cloudeasy-sensa-3md1173/womens/all-black-shoes-3WD11740485,3,210.0,3WD11740485,2023-08-09T08:19:48.255Z
Cloudflash Sensa,https://www.on-running.com/en-ch/products/cloudflash-sensa-3md1169/womens/lunar-amethyst-shoes-3WD11701187,2,260.0,3WD11701187,2023-08-09T08:20:43.326Z
Cloudnova Flux,https://www.on-running.com/en-ch/products/cloudnova-flux-3md1026/mens/undyed-white-cobalt-shoes-3MD10261146,3,220.0,"3MD10260666,3WD10380307,3MD10261146",2023-08-09T08:20:42.422Z
Cloudvista,https://www.on-running.com/en-ch/products/cloudvista-64/mens/ivory-endive-shoes-64.98318,2,200.0,"64.99059,64.99061,64.99058,64.98592,64.98593,64.98271,64.98272,64.98273,64.98269,64.98318",2023-08-09T08:20:42.008Z
Penn Relays Singlet,https://www.on-running.com/en-ch/products/penn-relays-singlet-1ud10030/unisex/indigo-apparel-1UD10030662,2,110.0,1UD10030662,2023-08-09T08:20:56.740Z
Penn Relays T,https://www.on-running.com/en-ch/products/penn-relays-t-1ud10020/unisex/white-apparel-1UD10020069,1,120.0,1UD10020069,2023-08-09T08:20:56.828Z
Ultra-T,https://www.on-running.com/en-ch/products/ultra-t-1md1008/mens/black-apparel-1MD10080553,3,120.0,"1WD10130553,1MD10080553",2023-08-09T08:20:30.395Z
Ultra Pants,https://www.on-running.com/en-ch/products/ultra-pants-1md1017/mens/black-apparel-1MD10170553,3,220.0,"1WD10270553,1MD10170872,1MD10170553,1WD10270872",2023-08-09T08:20:31.571Z
Cloudventure Peak 3,https://www.on-running.com/en-ch/products/cloudventure-peak-3-3md1074/mens/black-glacier-shoes-3MD10740777,2,220.0,"3MD10790864,3MD10740777,3WD10800864,3WD10760777",2023-08-09T08:20:27.623Z
Sweat Shorts,https://www.on-running.com/en-ch/products/sweat-shorts-155/mens/doe-apparel-155.01117,2,100.0,"155.00693,155.01118,155.01117",2023-08-09T08:20:29.520Z
Cloudnova Form,https://www.on-running.com/en-ch/products/cloudnova-form-26frm/womens/aster-magnet-shoes-26.98181,2,200.0,"26.98483,26.98478,26.98485,26.98481,26.98477,26.98309,26.98223,26.98181",2023-08-09T08:20:26.888Z
THE ROGER Clubhouse Mid Sensa,https://www.on-running.com/en-ch/products/the-roger-clubhouse-mid-sensa-3md1161/mens/black-camo-shoes-3MD11611176,3,240.0,"3WD11621176,3MD11611176",2023-08-09T08:20:26.469Z
Cloudtrax Sensa,https://www.on-running.com/en-ch/products/cloudtrax-sensa-3md1157/mens/sand-flame-shoes-3MD11571175,2,270.0,"3MD11571175,3WD11581175",2023-08-09T08:20:26.610Z
Cloudrift,https://www.on-running.com/en-ch/products/cloudrift-87/mens/black-white-shoes-87.98303,3,200.0,"87.98262,87.98303,87.98258,87.98301",2023-08-09T08:20:18.759Z
Cloud X 3 Shift,https://www.on-running.com/en-ch/products/cloud-x-3-shift-66/mens/denim-eclipse-shoes-66.98298,3,220.0,"66.98464,66.98463,66.98465,66.98295,66.98298,66.98263,66.98264",2023-08-09T08:20:12.555Z
Race Tights,https://www.on-running.com/en-ch/products/race-tights-1wd1017/womens/black-shadow-apparel-1WD10170545,3,90.0,1WD10170545,2023-08-09T08:20:13.142Z
Explorer Merino Sock,https://www.on-running.com/en-ch/products/explorer-merino-sock-386/womens/midnight-cobalt-accessories-387.01197,3,30.0,"387.01196,387.01197,386.01282,387.01198,386.01195,386.01194,386.01193",2023-08-09T08:20:17.628Z
Cloudflow,https://www.on-running.com/en-ch/products/cloudflow-25/womens/nimbus-seedling-shoes-35.98207,3,210.0,"35.99236,35.99235,35.99234,35.99238,35.99232,35.99237,35.99231,35.98686,35.98209,35.98208,35.98207,35.98211",2023-08-09T08:20:08.808Z
Moulded Cap,https://www.on-running.com/en-ch/products/moulded-cap-343/unisex/navy-accessories-343.01216,3,45.0,"343.01216,343.01214",2023-08-09T08:20:17.411Z
Cloudventure,https://www.on-running.com/en-ch/products/cloudventure-32/mens/olive-fir-shoes-32.98268,3,220.0,"32.99261,32.99257,32.99255,32.99259,32.99262,32.99256,32.99258,32.99052,32.99051,32.98582,32.98569,32.98268,32.98267",2023-08-09T08:19:46.030Z
Cloudventure Waterproof,https://www.on-running.com/en-ch/products/cloudventure-waterproof-32wp/mens/cobalt-ivy-shoes-32.98266,3,240.0,"32.99248,32.99247,32.99249,32.99251,32.99253,32.99049,32.99048,32.98576,32.98577,32.98266,32.98265",2023-08-09T08:20:12.010Z
Crew Neck,https://www.on-running.com/en-ch/products/crew-neck-153/mens/undyed-white-apparel-153.01112,2,140.0,"153.00463,253.00465,153.01112",2023-08-09T08:20:15.067Z
Lightweight Shorts,https://www.on-running.com/en-ch/products/lightweight-shorts-125/mens/navy-black-apparel-125.01041,2,100.0,"125.00133,125.01041,125.01039",2023-08-09T08:20:14.657Z
Explorer Merino Headband,https://www.on-running.com/en-ch/products/explorer-merino-headband-363/unisex/moss-navy-accessories-363.01213,3,45.0,"363.00972,363.01213",2023-08-09T08:20:17.135Z
Explorer Merino Beanie,https://www.on-running.com/en-ch/products/explorer-merino-beanie-353/unisex/moss-navy-accessories-353.01212,3,60.0,"353.00968,353.01212,353.01284",2023-08-09T08:20:18.378Z
Active Jacket,https://www.on-running.com/en-ch/products/active-jacket-130/womens/undyed-white-apparel-230.01072,2,180.0,"130.00449,230.00450,130.01071,230.01072",2023-08-09T08:20:16.653Z
Sprinter Shorts,https://www.on-running.com/en-ch/products/sprinter-shorts-227/womens/stratosphere-apparel-227.01046,2,90.0,"227.00246,227.01046",2023-08-09T08:20:15.228Z
Cloud 5 Combo,https://www.on-running.com/en-ch/products/cloud-5-combo-79/mens/leaf-eclipse-shoes-79.98228,3,200.0,"79.98850,79.98846,79.98228",2023-08-09T08:20:06.218Z
Cloudnova Void,https://www.on-running.com/en-ch/products/cloudnova-void-3md1218/mens/eclipse-undyed-white-shoes-3MD12181106,3,220.0,"3WD12191106,3MD12181105,3WD12190865,3MD12181106",2023-08-09T08:20:07.580Z
Cloudaway,https://www.on-running.com/en-ch/products/cloudaway-49/womens/undyed-white-glacier-shoes-49.98304,3,200.0,"49.99129,49.99134,49.98475,49.98469,49.98304",2023-08-09T08:20:06.067Z
THE ROGER Clubhouse Mid,https://www.on-running.com/en-ch/products/the-roger-clubhouse-mid-98/mens/white-sand-shoes-98.98328,3,230.0,"98.98498,98.98501,98.98328,98.98327",2023-08-09T08:19:45.682Z
Cloud 5 Waterproof,https://www.on-running.com/en-ch/products/cloud-5-waterproof-59wp/mens/cobalt-glacier-shoes-59.98345,3,220.0,"59.98840,59.98842,59.98841,59.98837,59.98838,59.98836,59.98529,59.98527,59.98345,59.98344",2023-08-09T08:20:05.278Z
Cloud 5 Push,https://www.on-running.com/en-ch/products/cloud-5-push-69/mens/undyed-white-glacier-shoes-69.98356,3,200.0,"69.98866,69.98354,69.98356",2023-08-09T08:20:05.119Z
Movement Crop,https://www.on-running.com/en-ch/products/movement-crop-1wd1011/womens/black-apparel-1WD10110553,2,80.0,1WD10110553,2023-08-09T08:19:55.543Z
Race Crop,https://www.on-running.com/en-ch/products/race-crop-1wd1001/womens/black-shadow-apparel-1WD10010545,2,90.0,"1WD10010870,1WD10010545",2023-08-09T08:20:44.291Z
Movement Pants,https://www.on-running.com/en-ch/products/movement-pants-1md1014/mens/black-apparel-1MD10140553,3,150.0,"1MD10140858,1MD10140553",2023-08-09T08:19:56.591Z
Active-T,https://www.on-running.com/en-ch/products/active-t-122/mens/grey-apparel-122.01065,3,90.0,"122.00139,122.01066,122.01065",2023-08-09T08:20:02.664Z
Running Pants,https://www.on-running.com/en-ch/products/running-pants-106/mens/ivy-shadow-apparel-106.01047,3,200.0,"106.00137,206.00253,106.01047,206.01048",2023-08-09T08:20:45.320Z
On-T,https://www.on-running.com/en-ch/products/on-t-1md1020/mens/grey-apparel-1MD10200423,3,75.0,"1MD10200488,1MD10200069,1WD10320553,1WD10320423,1WD10320009,1WD10320069,1MD10200553,1MD10200423",2023-08-09T08:19:59.324Z
Merino-T,https://www.on-running.com/en-ch/products/merino-t-251/mens/stellar-apparel-151.01087,3,110.0,151.01087,2023-08-09T08:19:53.699Z
Active Tank,https://www.on-running.com/en-ch/products/active-tank-228/womens/black-apparel-228.01069,2,80.0,"228.00448,228.01069",2023-08-09T08:19:54.536Z
Zipped Hoodie,https://www.on-running.com/en-ch/products/zipped-hoodie-239/mens/grey-apparel-139.01133,2,200.0,"239.00987,139.00984,239.01082,239.01134,139.01133,139.01081",2023-08-09T08:20:46.793Z
Explorer Shorts,https://www.on-running.com/en-ch/products/explorer-shorts-175/womens/taiga-apparel-275.01102,1,180.0,"275.00810,175.00809,275.01102,175.01101",2023-08-09T08:19:59.863Z
Active-T Breathe,https://www.on-running.com/en-ch/products/active-t-breathe-232/womens/moss-apparel-232.01067,2,90.0,232.01067,2023-08-09T08:20:01.027Z
Cloudtrax Waterproof,https://www.on-running.com/en-ch/products/cloudtrax-waterproof-3md1087/mens/black-shoes-3MD10870553,3,270.0,"3MD10871099,3MD10870553,3WD10880553,3WD10881099",2023-08-09T08:19:48.786Z
THE ROGER Pro Clay,https://www.on-running.com/en-ch/products/the-roger-pro-clay-48PROCLAY/mens/clay-white-flame-shoes-3MD10720256,2,270.0,"3WD10601533,3MD10720256",2023-08-09T08:20:54.370Z
Cloudflyer 4 Wide,https://www.on-running.com/en-ch/products/cloudflyer-4-wide-81/mens/black-white-shoes-81.98664,3,230.0,"81.98663,81.98664",2023-08-09T08:19:32.253Z
Cloud 5 Fuse,https://www.on-running.com/en-ch/products/cloud-5-fuse-68/mens/storm-chambray-shoes-68.98807,3,190.0,"68.98807,68.98763",2023-08-09T08:19:27.189Z
Cloudmonster Lumos,https://www.on-running.com/en-ch/products/cloudmonster-lumos-62/mens/black-shoes-62.98394,2,240.0,"62.98394,62.98393",2023-08-09T08:19:23.214Z
Lumos Beanie,https://www.on-running.com/en-ch/products/lumos-beanie-373/unisex/black-accessories-373.00974,3,45.0,373.00974,2023-08-09T08:19:44.545Z
Zero Cap,https://www.on-running.com/en-ch/products/zero-cap-333/unisex/black-accessories-333.00963,3,60.0,333.00963,2023-08-09T08:18:47.867Z
Cloud 5 Terry,https://www.on-running.com/en-ch/products/cloud-5-terry-99/womens/glacier-lunar-shoes-99.98825,2,210.0,"99.98826,99.98828,99.98829,99.98825,99.98824",2023-08-09T08:19:12.760Z
Switch Jacket,https://www.on-running.com/en-ch/products/switch-jacket-220/womens/black-white-apparel-220.00745,2,385.0,"220.00745,120.00743",2023-08-09T08:19:06.877Z
Active Pants,https://www.on-running.com/en-ch/products/active-pants-136/womens/navy-apparel-256.00784,3,190.0,"136.00319,136.00086,256.00274,256.00784",2023-08-09T08:19:00.704Z
Explorer Pants,https://www.on-running.com/en-ch/products/explorer-pants-176/mens/black-apparel-176.00796,2,220.0,"276.00797,176.00796",2023-08-09T08:18:57.334Z
Cloudneo,https://www.on-running.com/en-ch/products/cloudneo-42cloudneo/mens/undyed-shoes-42.98711,3,0.0,"42.98711,42.98709",2023-08-09T08:18:44.315Z
Tennis Sock,https://www.on-running.com/en-ch/products/tennis-sock-376/mens/white-mustard-accessories-376.00886,3,30.0,"376.00885,376.00886,376.00883,376.00884,377.00891,377.00888,377.00887,377.00889",2023-08-09T08:18:28.895Z
OFF Magazine,https://www.on-running.com/en-ch/products/off-magazine-999/unisex/issue-02-magazine-999.01292,3,18.0,"999.00991,999.01292",2023-08-09T08:18:44.194Z
Ultralight Low Sock,https://www.on-running.com/en-ch/products/ultralight-low-sock-346/womens/white-black-accessories-347.00865,3,30.0,"346.00864,346.00863,347.00865,347.00866",2023-08-09T08:18:22.752Z
Ultralight Mid Sock,https://www.on-running.com/en-ch/products/ultralight-mid-sock-356/mens/white-black-accessories-356.00867,3,33.0,"356.00868,356.00867,357.00869,357.00871",2023-08-09T08:18:23.641Z
Lightweight Pants,https://www.on-running.com/en-ch/products/lightweight-pants-236/womens/black-apparel-236.00707,3,150.0,"236.00249,236.00707",2023-08-09T08:18:15.908Z
Weather Vest,https://www.on-running.com/en-ch/products/weather-vest-110/womens/black-apparel-210.00242,3,220.0,"110.4005,210.00242",2023-08-09T08:17:02.689Z
Digital Gift Card,https://www.on-running.com/en-ch/products/digital-gift-card-907644gc/unisex/design-4-gift_cards-907668-master,3,10.0,"907644-master,907668-master,907652-master,907660-master,907692-master",2023-08-09T08:16:36.387Z
Merino Beanie,https://www.on-running.com/en-ch/products/merino-beanie-311/unisex/white-accessories-311.00222,3,60.0,"311.00218,311.00219,311.00222",2023-08-09T08:16:15.567Z
Race Shorts,https://www.on-running.com/en-ch/products/race-shorts-115/womens/black-apparel-215.00132,3,100.0,"115.00131,215.00132",2023-08-09T08:16:07.487Z
